Id,task_1,task_2
data/test\melanoma\ISIC_0012258.jpg,0.07919614017009735,0.047876689583063126
data/test\melanoma\ISIC_0012356.jpg,0.1511557549238205,0.5352663993835449
data/test\melanoma\ISIC_0012369.jpg,0.5486898422241211,0.033789828419685364
data/test\melanoma\ISIC_0012395.jpg,0.11529973894357681,0.005293519236147404
data/test\melanoma\ISIC_0012425.jpg,0.12902089953422546,0.015182808972895145
data/test\melanoma\ISIC_0012758.jpg,0.35273799300193787,0.004700502846390009
data/test\melanoma\ISIC_0012989.jpg,0.3226020038127899,0.008436022326350212
data/test\melanoma\ISIC_0013072.jpg,0.30652227997779846,0.596697986125946
data/test\melanoma\ISIC_0013073.jpg,0.8698694705963135,0.012076525948941708
data/test\melanoma\ISIC_0013242.jpg,0.026701152324676514,0.012995541095733643
data/test\melanoma\ISIC_0013277.jpg,0.4131482243537903,0.00246871798299253
data/test\melanoma\ISIC_0013321.jpg,0.020247021690011024,0.8409570455551147
data/test\melanoma\ISIC_0013374.jpg,0.8833815455436707,0.05784185230731964
data/test\melanoma\ISIC_0013411.jpg,0.08045883476734161,0.319092720746994
data/test\melanoma\ISIC_0013414.jpg,0.0010199651587754488,0.001359148882329464
data/test\melanoma\ISIC_0013455.jpg,0.967767059803009,0.011221049353480339
data/test\melanoma\ISIC_0013457.jpg,0.2894596457481384,0.003361532697454095
data/test\melanoma\ISIC_0013459.jpg,0.5763795971870422,0.015486106276512146
data/test\melanoma\ISIC_0013472.jpg,0.6193873882293701,0.08467696607112885
data/test\melanoma\ISIC_0013473.jpg,0.9874957799911499,0.004308498464524746
data/test\melanoma\ISIC_0013565.jpg,0.22326865792274475,0.7538171410560608
data/test\melanoma\ISIC_0013577.jpg,0.9336236715316772,0.03536524251103401
data/test\melanoma\ISIC_0013588.jpg,0.14037151634693146,0.38175931572914124
data/test\melanoma\ISIC_0013615.jpg,0.9577879905700684,0.020096564665436745
data/test\melanoma\ISIC_0013617.jpg,0.014098044484853745,0.011373062618076801
data/test\melanoma\ISIC_0013636.jpg,0.9982103109359741,9.844354281085543e-06
data/test\melanoma\ISIC_0013678.jpg,0.20491988956928253,0.27992671728134155
data/test\melanoma\ISIC_0013696.jpg,0.011962467804551125,0.010834990069270134
data/test\melanoma\ISIC_0013733.jpg,0.49029332399368286,0.2097017467021942
data/test\melanoma\ISIC_0013739.jpg,0.06918808817863464,0.04330414906144142
data/test\melanoma\ISIC_0013766.jpg,0.11445765197277069,0.0006664976826868951
data/test\melanoma\ISIC_0013767.jpg,0.01714479550719261,0.0005584494792856276
data/test\melanoma\ISIC_0013813.jpg,0.7011324167251587,0.1295817345380783
data/test\melanoma\ISIC_0013814.jpg,0.3060133457183838,0.01026417501270771
data/test\melanoma\ISIC_0013833.jpg,0.9319872856140137,0.007022313307970762
data/test\melanoma\ISIC_0013842.jpg,0.04050987586379051,0.12551546096801758
data/test\melanoma\ISIC_0013867.jpg,0.3908023536205292,0.06063614413142204
data/test\melanoma\ISIC_0013908.jpg,0.8792226314544678,0.06523072719573975
data/test\melanoma\ISIC_0013917.jpg,0.0197476577013731,0.0007284858729690313
data/test\melanoma\ISIC_0013925.jpg,0.35639718174934387,0.47532156109809875
data/test\melanoma\ISIC_0013948.jpg,0.7266180515289307,0.11379027366638184
data/test\melanoma\ISIC_0013953.jpg,0.21906539797782898,0.08955297619104385
data/test\melanoma\ISIC_0013987.jpg,0.41941043734550476,0.47075018286705017
data/test\melanoma\ISIC_0013988.jpg,0.533539891242981,0.3252270221710205
data/test\melanoma\ISIC_0014027.jpg,0.1561376303434372,0.22842353582382202
data/test\melanoma\ISIC_0014059.jpg,0.00019938201876357198,4.223025098326616e-05
data/test\melanoma\ISIC_0014077.jpg,0.986555814743042,0.00037036382127553225
data/test\melanoma\ISIC_0014103.jpg,0.9310100078582764,0.0046693067997694016
data/test\melanoma\ISIC_0014110.jpg,0.1958344280719757,0.00011110933701274917
data/test\melanoma\ISIC_0014129.jpg,0.7549565434455872,0.10919144004583359
data/test\melanoma\ISIC_0014148.jpg,0.7101497054100037,0.01750299148261547
data/test\melanoma\ISIC_0014160.jpg,0.9831011891365051,0.009372455067932606
data/test\melanoma\ISIC_0014181.jpg,0.989262044429779,0.006609227508306503
data/test\melanoma\ISIC_0014186.jpg,0.009357484057545662,0.9865731000900269
data/test\melanoma\ISIC_0014219.jpg,0.9290725588798523,0.004705109633505344
data/test\melanoma\ISIC_0014221.jpg,0.741625964641571,0.021224617958068848
data/test\melanoma\ISIC_0014233.jpg,0.35862287878990173,0.6163561344146729
data/test\melanoma\ISIC_0014255.jpg,0.18201641738414764,0.24915353953838348
data/test\melanoma\ISIC_0014270.jpg,0.5485973358154297,0.0036377657670527697
data/test\melanoma\ISIC_0014284.jpg,0.15981976687908173,0.04187924787402153
data/test\melanoma\ISIC_0014288.jpg,0.006313193589448929,0.005120875779539347
data/test\melanoma\ISIC_0014319.jpg,0.12383362650871277,0.0006278689252212644
data/test\melanoma\ISIC_0014336.jpg,0.9266777038574219,0.01861976832151413
data/test\melanoma\ISIC_0014349.jpg,0.9543794393539429,0.002536720596253872
data/test\melanoma\ISIC_0014369.jpg,0.9605772495269775,0.0022540350910276175
data/test\melanoma\ISIC_0014423.jpg,0.7311190962791443,0.03820009157061577
data/test\melanoma\ISIC_0014434.jpg,0.1040945053100586,0.6034640073776245
data/test\melanoma\ISIC_0014454.jpg,0.8212478160858154,0.039780668914318085
data/test\melanoma\ISIC_0014478.jpg,0.6387729644775391,0.034747619181871414
data/test\melanoma\ISIC_0014489.jpg,0.46066153049468994,0.009632945992052555
data/test\melanoma\ISIC_0014506.jpg,0.9037541151046753,0.04181918501853943
data/test\melanoma\ISIC_0014513.jpg,0.41147473454475403,0.06984827667474747
data/test\melanoma\ISIC_0014541.jpg,0.8126074075698853,0.0006511328974738717
data/test\melanoma\ISIC_0014542.jpg,0.7479650974273682,0.07294267416000366
data/test\melanoma\ISIC_0014546.jpg,0.6478272080421448,0.2045801430940628
data/test\melanoma\ISIC_0014548.jpg,0.7036702036857605,0.005862458609044552
data/test\melanoma\ISIC_0014559.jpg,0.8818842172622681,0.06309262663125992
data/test\melanoma\ISIC_0014663.jpg,0.8382870554924011,0.08097275346517563
data/test\melanoma\ISIC_0014666.jpg,0.37752610445022583,0.5859642624855042
data/test\melanoma\ISIC_0014695.jpg,0.09397558867931366,0.8571876287460327
data/test\melanoma\ISIC_0014703.jpg,0.8801881670951843,0.031909190118312836
data/test\melanoma\ISIC_0014727.jpg,0.6310827732086182,0.3116227984428406
data/test\melanoma\ISIC_0014766.jpg,0.646300196647644,0.003180704778060317
data/test\melanoma\ISIC_0014772.jpg,0.4215314984321594,0.4650402367115021
data/test\melanoma\ISIC_0014784.jpg,0.8134066462516785,0.08177758753299713
data/test\melanoma\ISIC_0014790.jpg,0.36431875824928284,0.1610305905342102
data/test\melanoma\ISIC_0014800.jpg,0.5272980332374573,0.03278946876525879
data/test\melanoma\ISIC_0014826.jpg,0.3523450493812561,5.650128878187388e-05
data/test\melanoma\ISIC_0014862.jpg,0.1901278793811798,0.00010864804062293842
data/test\melanoma\ISIC_0014872.jpg,0.5423373579978943,0.3252018392086029
data/test\melanoma\ISIC_0014883.jpg,0.059627778828144073,5.6938902162073646e-06
data/test\melanoma\ISIC_0014912.jpg,0.7988194823265076,0.09549886733293533
data/test\melanoma\ISIC_0014928.jpg,0.00023374921875074506,0.00016330156358890235
data/test\melanoma\ISIC_0014932.jpg,0.17178906500339508,0.008580413646996021
data/test\melanoma\ISIC_0014963.jpg,0.8414656519889832,0.00036344846012070775
data/test\melanoma\ISIC_0014982.jpg,0.9501591324806213,0.002897310070693493
data/test\melanoma\ISIC_0015004.jpg,0.5370635390281677,0.02933105081319809
data/test\melanoma\ISIC_0015041.jpg,0.6563312411308289,0.0003994583967141807
data/test\melanoma\ISIC_0015046.jpg,0.12189755588769913,1.8099945009453222e-05
data/test\melanoma\ISIC_0015050.jpg,0.24263937771320343,0.0033201640471816063
data/test\melanoma\ISIC_0015071.jpg,0.995092511177063,0.00011860549420816824
data/test\melanoma\ISIC_0015115.jpg,0.4097914695739746,0.003561528865247965
data/test\melanoma\ISIC_0015119.jpg,0.9555869102478027,0.0006392191862687469
data/test\melanoma\ISIC_0015127.jpg,0.8008779883384705,0.002385077765211463
data/test\melanoma\ISIC_0015132.jpg,0.929847776889801,0.02066160924732685
data/test\melanoma\ISIC_0015133.jpg,0.7658604383468628,0.005090090446174145
data/test\melanoma\ISIC_0015136.jpg,0.536067545413971,0.005413194186985493
data/test\melanoma\ISIC_0015142.jpg,0.9554397463798523,0.02287030778825283
data/test\melanoma\ISIC_0015156.jpg,0.7684807181358337,0.03967748209834099
data/test\melanoma\ISIC_0015163.jpg,0.9583070874214172,0.0005617332644760609
data/test\melanoma\ISIC_0015167.jpg,0.9471601247787476,0.01832907274365425
data/test\melanoma\ISIC_0015180.jpg,0.6270816326141357,0.16695906221866608
data/test\melanoma\ISIC_0015185.jpg,0.8828017115592957,0.10292251408100128
data/test\melanoma\ISIC_0015193.jpg,0.1406974047422409,0.12878753244876862
data/test\melanoma\ISIC_0015206.jpg,0.6118337512016296,0.020288946107029915
data/test\melanoma\ISIC_0015229.jpg,0.9733954668045044,0.004303220193833113
data/test\melanoma\ISIC_0015251.jpg,0.21067702770233154,0.5452687740325928
data/test\nevus\ISIC_0012092.jpg,0.24455691874027252,0.0037365413736552
data/test\nevus\ISIC_0012095.jpg,0.005833155941218138,0.0016532413428649306
data/test\nevus\ISIC_0012147.jpg,0.02547757886350155,0.013437140733003616
data/test\nevus\ISIC_0012149.jpg,0.19280141592025757,0.4674980938434601
data/test\nevus\ISIC_0012152.jpg,0.022750696167349815,0.007768504321575165
data/test\nevus\ISIC_0012216.jpg,0.28083476424217224,0.49394145607948303
data/test\nevus\ISIC_0012357.jpg,0.946895956993103,0.033298421651124954
data/test\nevus\ISIC_0012484.jpg,0.02922598086297512,0.4247007369995117
data/test\nevus\ISIC_0012493.jpg,0.008744773454964161,0.008262899704277515
data/test\nevus\ISIC_0012551.jpg,0.037309739738702774,0.006826929282397032
data/test\nevus\ISIC_0012654.jpg,0.0047607398591935635,0.0007222768617793918
data/test\nevus\ISIC_0012656.jpg,0.343670517206192,0.16670680046081543
data/test\nevus\ISIC_0012708.jpg,0.008218526840209961,0.0022901168558746576
data/test\nevus\ISIC_0012722.jpg,0.00028261987608857453,0.003927549347281456
data/test\nevus\ISIC_0012803.jpg,0.009944124147295952,0.9642874002456665
data/test\nevus\ISIC_0012836.jpg,0.004999472294002771,0.0039146519266068935
data/test\nevus\ISIC_0012837.jpg,0.007566478103399277,0.05083734169602394
data/test\nevus\ISIC_0012903.jpg,0.08274106681346893,0.009637254290282726
data/test\nevus\ISIC_0012904.jpg,0.005785011686384678,0.006688878871500492
data/test\nevus\ISIC_0012941.jpg,0.006921278778463602,0.28203776478767395
data/test\nevus\ISIC_0012967.jpg,0.08524443954229355,0.12399349361658096
data/test\nevus\ISIC_0013045.jpg,0.017434416338801384,0.000492484716232866
data/test\nevus\ISIC_0013070.jpg,0.0014742015628144145,0.0015945150516927242
data/test\nevus\ISIC_0013109.jpg,0.004799665883183479,0.00044917938066646457
data/test\nevus\ISIC_0013159.jpg,0.010843412019312382,0.19498039782047272
data/test\nevus\ISIC_0013164.jpg,8.251059625763446e-05,0.0016171415336430073
data/test\nevus\ISIC_0013176.jpg,0.009479492902755737,0.0004291484074201435
data/test\nevus\ISIC_0013191.jpg,0.005276968702673912,0.24205318093299866
data/test\nevus\ISIC_0013216.jpg,0.005796739831566811,0.015380389988422394
data/test\nevus\ISIC_0013226.jpg,0.00039644702337682247,0.006088734604418278
data/test\nevus\ISIC_0013230.jpg,0.007822584360837936,0.0004246951430104673
data/test\nevus\ISIC_0013269.jpg,0.30575302243232727,0.0061469231732189655
data/test\nevus\ISIC_0013291.jpg,0.0458611436188221,0.02206380106508732
data/test\nevus\ISIC_0013325.jpg,0.0021576315630227327,0.0007600770331919193
data/test\nevus\ISIC_0013399.jpg,0.0016849375097081065,0.005864745005965233
data/test\nevus\ISIC_0013416.jpg,0.0014808756532147527,0.0019923141226172447
data/test\nevus\ISIC_0013511.jpg,0.7640236020088196,0.008923332206904888
data/test\nevus\ISIC_0013512.jpg,0.04333791509270668,0.2133919894695282
data/test\nevus\ISIC_0013529.jpg,0.6215201020240784,0.0020691140089184046
data/test\nevus\ISIC_0013600.jpg,0.0024784558918327093,0.0004082525847479701
data/test\nevus\ISIC_0013602.jpg,0.03490249440073967,0.00255092466250062
data/test\nevus\ISIC_0013738.jpg,0.0012604137882590294,0.0023796726018190384
data/test\nevus\ISIC_0013794.jpg,0.05549582839012146,0.0013643894344568253
data/test\nevus\ISIC_0013809.jpg,0.9516878724098206,0.023582348600029945
data/test\nevus\ISIC_0013891.jpg,0.0020572918001562357,0.003320026444271207
data/test\nevus\ISIC_0013897.jpg,0.13458111882209778,0.061806000769138336
data/test\nevus\ISIC_0013911.jpg,0.015393988229334354,0.016089461743831635
data/test\nevus\ISIC_0013966.jpg,0.011892161332070827,0.9644712209701538
data/test\nevus\ISIC_0013998.jpg,0.009491389617323875,0.05414433032274246
data/test\nevus\ISIC_0014090.jpg,0.0023433391470462084,0.003171892836689949
data/test\nevus\ISIC_0014117.jpg,0.0001729980285745114,7.188861491158605e-05
data/test\nevus\ISIC_0014470.jpg,0.007066815625876188,0.07606924325227737
data/test\nevus\ISIC_0014675.jpg,0.02199809066951275,0.001705625094473362
data/test\nevus\ISIC_0014677.jpg,0.04700605571269989,0.2910926342010498
data/test\nevus\ISIC_0014687.jpg,0.07165336608886719,0.0002829253498930484
data/test\nevus\ISIC_0014693.jpg,0.9686034917831421,0.0011322657810524106
data/test\nevus\ISIC_0014697.jpg,0.6794974207878113,0.16647686064243317
data/test\nevus\ISIC_0014698.jpg,0.015122120268642902,0.005254952237010002
data/test\nevus\ISIC_0014720.jpg,0.14209771156311035,0.03656310588121414
data/test\nevus\ISIC_0014725.jpg,0.06636469811201096,3.3573523978702724e-05
data/test\nevus\ISIC_0014728.jpg,0.007605535909533501,2.071544440696016e-05
data/test\nevus\ISIC_0014729.jpg,0.5529594421386719,0.18554191291332245
data/test\nevus\ISIC_0014740.jpg,0.5005372166633606,0.10452161729335785
data/test\nevus\ISIC_0014743.jpg,0.060220833867788315,0.00018757316865958273
data/test\nevus\ISIC_0014746.jpg,0.021939080208539963,0.0012361799599602818
data/test\nevus\ISIC_0014749.jpg,0.19761976599693298,3.692293830681592e-05
data/test\nevus\ISIC_0014753.jpg,0.060739316046237946,0.07875415682792664
data/test\nevus\ISIC_0014755.jpg,0.006827418692409992,8.922968845581636e-05
data/test\nevus\ISIC_0014765.jpg,2.6191924916929565e-05,1.8785263819154352e-05
data/test\nevus\ISIC_0014768.jpg,1.7671885871095583e-05,6.009001936035929e-06
data/test\nevus\ISIC_0014773.jpg,0.0017790254205465317,3.3009480830514804e-05
data/test\nevus\ISIC_0014780.jpg,0.06372501701116562,4.102768070879392e-05
data/test\nevus\ISIC_0014786.jpg,0.43360772728919983,0.427810400724411
data/test\nevus\ISIC_0014787.jpg,0.07704704999923706,0.002695761388167739
data/test\nevus\ISIC_0014792.jpg,0.0021165695507079363,0.9959099292755127
data/test\nevus\ISIC_0014796.jpg,0.004113312344998121,0.002007779199630022
data/test\nevus\ISIC_0014798.jpg,0.02622084505856037,1.8692828234634362e-05
data/test\nevus\ISIC_0014807.jpg,0.11887969821691513,4.860461558564566e-05
data/test\nevus\ISIC_0014814.jpg,0.005883954465389252,7.197989816631889e-06
data/test\nevus\ISIC_0014815.jpg,0.23080696165561676,0.00045613720430992544
data/test\nevus\ISIC_0014820.jpg,0.002154378918930888,0.0012194560840725899
data/test\nevus\ISIC_0014822.jpg,0.006280047819018364,4.7776127757970244e-05
data/test\nevus\ISIC_0014833.jpg,0.25554606318473816,0.6034109592437744
data/test\nevus\ISIC_0014835.jpg,0.5592676997184753,0.0015011740615591407
data/test\nevus\ISIC_0014844.jpg,0.0026942165568470955,0.0023938235826790333
data/test\nevus\ISIC_0014853.jpg,0.017599713057279587,0.00018232359434477985
data/test\nevus\ISIC_0014854.jpg,0.06139673665165901,0.00011519273539306596
data/test\nevus\ISIC_0014863.jpg,0.03667348995804787,0.0744391456246376
data/test\nevus\ISIC_0014867.jpg,0.009665233083069324,0.0010560066439211369
data/test\nevus\ISIC_0014868.jpg,0.2716051936149597,0.34566590189933777
data/test\nevus\ISIC_0014876.jpg,0.010498304851353168,0.0004411398258525878
data/test\nevus\ISIC_0014879.jpg,0.00022078082838561386,0.002593676559627056
data/test\nevus\ISIC_0014901.jpg,0.0008557444671168923,1.861086639109999e-05
data/test\nevus\ISIC_0014907.jpg,0.008609589189291,0.047144655138254166
data/test\nevus\ISIC_0014910.jpg,0.011427800171077251,0.0017330509144812822
data/test\nevus\ISIC_0014921.jpg,0.00016251479974016547,7.907029697662438e-08
data/test\nevus\ISIC_0014927.jpg,0.002231774851679802,9.264455911761615e-06
data/test\nevus\ISIC_0014936.jpg,0.019132912158966064,1.7977134803004446e-06
data/test\nevus\ISIC_0014938.jpg,0.007434512954205275,1.0044155715149827e-05
data/test\nevus\ISIC_0014940.jpg,0.006536233704537153,5.334265370038338e-05
data/test\nevus\ISIC_0014941.jpg,0.0454862080514431,2.089475685806974e-07
data/test\nevus\ISIC_0014942.jpg,0.0025277086533606052,9.909298387356102e-05
data/test\nevus\ISIC_0014943.jpg,0.03415431082248688,0.0024818337988108397
data/test\nevus\ISIC_0014944.jpg,0.0073622167110443115,0.0008909399621188641
data/test\nevus\ISIC_0014947.jpg,0.011917532421648502,7.578603981528431e-05
data/test\nevus\ISIC_0014948.jpg,0.8242321014404297,0.0012162697967141867
data/test\nevus\ISIC_0014949.jpg,0.00013654661597684026,7.2110087785404176e-06
data/test\nevus\ISIC_0014952.jpg,0.03032168187201023,5.534749561775243e-06
data/test\nevus\ISIC_0014955.jpg,0.31576007604599,0.001662813825532794
data/test\nevus\ISIC_0014956.jpg,0.2514322102069855,0.00017412882880307734
data/test\nevus\ISIC_0014957.jpg,8.313382750202436e-06,5.183792062268822e-09
data/test\nevus\ISIC_0014958.jpg,0.06922707706689835,0.0024634089786559343
data/test\nevus\ISIC_0014959.jpg,0.0006138897151686251,6.273859526118031e-06
data/test\nevus\ISIC_0014961.jpg,0.9257616996765137,0.00015285442350432277
data/test\nevus\ISIC_0014962.jpg,0.6604874730110168,8.743513171793893e-05
data/test\nevus\ISIC_0014964.jpg,0.0057180956937372684,4.567908035824075e-06
data/test\nevus\ISIC_0014966.jpg,0.02267858199775219,0.001740727573633194
data/test\nevus\ISIC_0014968.jpg,0.014452429488301277,0.002319657476618886
data/test\nevus\ISIC_0014969.jpg,0.052048586308956146,0.018017280846834183
data/test\nevus\ISIC_0014973.jpg,0.14845530688762665,0.0006936374702490866
data/test\nevus\ISIC_0014974.jpg,0.007370969746261835,0.0002484970900695771
data/test\nevus\ISIC_0014977.jpg,0.0001549734442960471,0.00010228691826341674
data/test\nevus\ISIC_0014992.jpg,0.0006510854582302272,1.760620034474414e-05
data/test\nevus\ISIC_0014994.jpg,0.00023415284522343427,0.00035440316423773766
data/test\nevus\ISIC_0014998.jpg,0.06098432466387749,0.017530150711536407
data/test\nevus\ISIC_0015002.jpg,0.0008933009812608361,0.003006309038028121
data/test\nevus\ISIC_0015003.jpg,0.2099778801202774,0.0029784590005874634
data/test\nevus\ISIC_0015007.jpg,0.007276004645973444,0.06468133628368378
data/test\nevus\ISIC_0015008.jpg,0.16641755402088165,0.041856423020362854
data/test\nevus\ISIC_0015009.jpg,0.03581478074193001,0.09092878550291061
data/test\nevus\ISIC_0015011.jpg,0.01068382803350687,0.013927483931183815
data/test\nevus\ISIC_0015013.jpg,0.905386209487915,0.013119956478476524
data/test\nevus\ISIC_0015015.jpg,0.18632462620735168,0.001953596482053399
data/test\nevus\ISIC_0015016.jpg,0.008372305892407894,0.0025938122998923063
data/test\nevus\ISIC_0015018.jpg,0.0004966988926753402,0.0006010779179632664
data/test\nevus\ISIC_0015019.jpg,0.17391668260097504,0.004123269580304623
data/test\nevus\ISIC_0015020.jpg,0.6524990200996399,0.012575304135680199
data/test\nevus\ISIC_0015021.jpg,0.014638963155448437,0.061513543128967285
data/test\nevus\ISIC_0015023.jpg,0.0036696542520076036,3.082708644797094e-05
data/test\nevus\ISIC_0015026.jpg,0.1335073560476303,0.0864693820476532
data/test\nevus\ISIC_0015030.jpg,0.000887034519109875,0.0009068790241144598
data/test\nevus\ISIC_0015031.jpg,0.055937472730875015,0.12393911927938461
data/test\nevus\ISIC_0015034.jpg,0.004012794699519873,3.2775060390122235e-05
data/test\nevus\ISIC_0015035.jpg,0.021541636437177658,0.03609135001897812
data/test\nevus\ISIC_0015037.jpg,0.031809281557798386,0.002189889084547758
data/test\nevus\ISIC_0015040.jpg,0.0009257095516659319,0.0026127591263502836
data/test\nevus\ISIC_0015051.jpg,0.04431909695267677,0.03438354283571243
data/test\nevus\ISIC_0015056.jpg,0.26194024085998535,0.329001247882843
data/test\nevus\ISIC_0015057.jpg,0.062432195991277695,0.21121849119663239
data/test\nevus\ISIC_0015060.jpg,0.012708282098174095,0.0011151046492159367
data/test\nevus\ISIC_0015064.jpg,0.21359838545322418,0.04253048077225685
data/test\nevus\ISIC_0015078.jpg,0.09050005674362183,0.050412680953741074
data/test\nevus\ISIC_0015089.jpg,0.023746540769934654,0.0005432470352388918
data/test\nevus\ISIC_0015102.jpg,0.31930387020111084,0.00456245057284832
data/test\nevus\ISIC_0015118.jpg,0.04917868226766586,0.006453485693782568
data/test\nevus\ISIC_0015125.jpg,0.0010318808490410447,1.2388639447635796e-07
data/test\nevus\ISIC_0015129.jpg,0.02606986090540886,0.009291719645261765
data/test\nevus\ISIC_0015130.jpg,0.0060503315180540085,5.2492097893264145e-05
data/test\nevus\ISIC_0015139.jpg,0.00038713679532520473,6.686259894195246e-06
data/test\nevus\ISIC_0015140.jpg,0.4201418459415436,0.0001685769675532356
data/test\nevus\ISIC_0015146.jpg,0.00012333056656643748,3.4447475627530366e-05
data/test\nevus\ISIC_0015149.jpg,0.3289306163787842,0.031156884506344795
data/test\nevus\ISIC_0015150.jpg,0.06834033131599426,0.0018305103294551373
data/test\nevus\ISIC_0015152.jpg,0.006635645870119333,0.0011449366575106978
data/test\nevus\ISIC_0015155.jpg,0.0028421052265912294,0.0006759726675227284
data/test\nevus\ISIC_0015157.jpg,0.005462583154439926,0.044212229549884796
data/test\nevus\ISIC_0015160.jpg,0.08033407479524612,0.7225862741470337
data/test\nevus\ISIC_0015161.jpg,0.0010918304324150085,0.016532430425286293
data/test\nevus\ISIC_0015171.jpg,0.21453748643398285,0.170963317155838
data/test\nevus\ISIC_0015173.jpg,0.18563711643218994,0.0006996032898314297
data/test\nevus\ISIC_0015174.jpg,0.1522470861673355,1.7452748579671606e-05
data/test\nevus\ISIC_0015175.jpg,0.01922537386417389,0.00034794426755979657
data/test\nevus\ISIC_0015176.jpg,0.020202014595270157,0.005286511033773422
data/test\nevus\ISIC_0015179.jpg,0.5630393028259277,0.0030156064312905073
data/test\nevus\ISIC_0015184.jpg,0.0007617283845320344,3.9310441934503615e-05
data/test\nevus\ISIC_0015201.jpg,0.030490437522530556,1.824664877858595e-06
data/test\nevus\ISIC_0015202.jpg,0.08345905691385269,7.722735062998254e-06
data/test\nevus\ISIC_0015203.jpg,0.23837308585643768,0.03159257024526596
data/test\nevus\ISIC_0015207.jpg,0.006265406496822834,0.07270719856023788
data/test\nevus\ISIC_0015208.jpg,0.003953838255256414,0.0012291199527680874
data/test\nevus\ISIC_0015212.jpg,0.0025944197550415993,0.0001379065797664225
data/test\nevus\ISIC_0015215.jpg,0.0026268335059285164,1.4705704415973742e-05
data/test\nevus\ISIC_0015216.jpg,0.05122040584683418,0.16184672713279724
data/test\nevus\ISIC_0015217.jpg,0.0009175012237392366,0.0004111670714337379
data/test\nevus\ISIC_0015218.jpg,0.000404581252951175,1.2957177659700392e-06
data/test\nevus\ISIC_0015223.jpg,0.001266914769075811,0.0017320768674835563
data/test\nevus\ISIC_0015224.jpg,0.04740096256136894,0.2532113194465637
data/test\nevus\ISIC_0015226.jpg,0.008197777904570103,0.005104514304548502
data/test\nevus\ISIC_0015232.jpg,0.4658154249191284,0.05473318696022034
data/test\nevus\ISIC_0015237.jpg,0.6532288193702698,0.2529035210609436
data/test\nevus\ISIC_0015241.jpg,5.1131417421856895e-05,2.4640878564241575e-06
data/test\nevus\ISIC_0015244.jpg,0.3066708743572235,0.0007346817874349654
data/test\nevus\ISIC_0015245.jpg,0.10146817564964294,0.022084861993789673
data/test\nevus\ISIC_0015250.jpg,0.14101642370224,0.21125227212905884
data/test\nevus\ISIC_0015254.jpg,0.06336923688650131,6.859946006443352e-05
data/test\nevus\ISIC_0015255.jpg,0.15442317724227905,0.026230555027723312
data/test\nevus\ISIC_0015258.jpg,0.20621006190776825,0.0004854368744418025
data/test\nevus\ISIC_0015264.jpg,0.0073975794948637486,0.01579299010336399
data/test\nevus\ISIC_0015270.jpg,0.06583549082279205,0.00629006139934063
data/test\nevus\ISIC_0015273.jpg,0.0004240373964421451,0.00036434162757359445
data/test\nevus\ISIC_0015274.jpg,0.3291855752468109,0.01434447430074215
data/test\nevus\ISIC_0015276.jpg,0.047122713178396225,0.0010879900073632598
data/test\nevus\ISIC_0015279.jpg,0.014532075263559818,0.2484450489282608
data/test\nevus\ISIC_0015283.jpg,0.033754169940948486,1.329430119767494e-06
data/test\nevus\ISIC_0015291.jpg,0.0017261150060221553,0.004734905902296305
data/test\nevus\ISIC_0015293.jpg,0.0041425093077123165,0.00043766607996076345
data/test\nevus\ISIC_0015298.jpg,0.004028637427836657,0.0004995467606931925
data/test\nevus\ISIC_0015309.jpg,0.001401395769789815,0.046348944306373596
data/test\nevus\ISIC_0015310.jpg,0.028360798954963684,0.03090260550379753
data/test\nevus\ISIC_0015311.jpg,0.03257032111287117,0.003109878394752741
data/test\nevus\ISIC_0015312.jpg,0.1349715143442154,1.991461067518685e-05
data/test\nevus\ISIC_0015330.jpg,0.0012119627790525556,5.838463403051719e-05
data/test\nevus\ISIC_0015331.jpg,0.01801883988082409,0.042086876928806305
data/test\nevus\ISIC_0015347.jpg,0.009312720037996769,0.0021675811149179935
data/test\nevus\ISIC_0015353.jpg,0.21650198101997375,0.008199838921427727
data/test\nevus\ISIC_0015355.jpg,0.006913922261446714,0.00014674942940473557
data/test\nevus\ISIC_0015357.jpg,0.0007340516895055771,0.0007189701427705586
data/test\nevus\ISIC_0015360.jpg,0.6335064172744751,5.800344661111012e-05
data/test\nevus\ISIC_0015363.jpg,0.0019869240932166576,0.9787448644638062
data/test\nevus\ISIC_0015364.jpg,0.0652790293097496,0.30015698075294495
data/test\nevus\ISIC_0015368.jpg,0.4438261091709137,0.022116174921393394
data/test\nevus\ISIC_0015369.jpg,0.061606284230947495,0.031722601503133774
data/test\nevus\ISIC_0015383.jpg,0.004064337816089392,1.2723130566882901e-05
data/test\nevus\ISIC_0015386.jpg,0.2490203082561493,0.0004873281577602029
data/test\nevus\ISIC_0015390.jpg,0.8856383562088013,0.06592331826686859
data/test\nevus\ISIC_0015395.jpg,0.0037073688581585884,0.0010380249004811049
data/test\nevus\ISIC_0015403.jpg,0.41633841395378113,0.27808329463005066
data/test\nevus\ISIC_0015404.jpg,0.4256136417388916,0.3787601888179779
data/test\nevus\ISIC_0015411.jpg,0.00019678949320223182,1.606457772140857e-05
data/test\nevus\ISIC_0015412.jpg,0.4255531132221222,0.00023617556144017726
data/test\nevus\ISIC_0015416.jpg,0.007149797398597002,2.1955953343422152e-05
data/test\nevus\ISIC_0015417.jpg,0.8190698623657227,7.01865428709425e-05
data/test\nevus\ISIC_0015418.jpg,0.001989290351048112,0.0002978824486490339
data/test\nevus\ISIC_0015419.jpg,0.034138310700654984,0.577553391456604
data/test\nevus\ISIC_0015436.jpg,0.005173233803361654,0.007014045491814613
data/test\nevus\ISIC_0015440.jpg,0.0007430405239574611,0.0012028643395751715
data/test\nevus\ISIC_0015447.jpg,0.3486901819705963,0.10985812544822693
data/test\nevus\ISIC_0015455.jpg,0.03637031838297844,0.009978486225008965
data/test\nevus\ISIC_0015464.jpg,0.03355701267719269,5.531362694455311e-05
data/test\nevus\ISIC_0015466.jpg,0.7329378724098206,0.0001791579561540857
data/test\nevus\ISIC_0015468.jpg,0.009248273447155952,0.01837177388370037
data/test\nevus\ISIC_0015476.jpg,0.0018635318847373128,7.313824880839093e-06
data/test\nevus\ISIC_0015481.jpg,0.6566022634506226,0.12110630422830582
data/test\nevus\ISIC_0015482.jpg,0.5248700976371765,0.011109252460300922
data/test\nevus\ISIC_0015485.jpg,0.03777304291725159,0.01045079343020916
data/test\nevus\ISIC_0015510.jpg,0.0006566311349160969,0.0009403420845046639
data/test\nevus\ISIC_0015526.jpg,0.00023735259310342371,4.2106289583898615e-06
data/test\nevus\ISIC_0015537.jpg,0.23315021395683289,0.18847130239009857
data/test\nevus\ISIC_0015544.jpg,0.7342410087585449,0.012520616874098778
data/test\nevus\ISIC_0015559.jpg,0.021170202642679214,2.6130654077860527e-05
data/test\nevus\ISIC_0015563.jpg,0.026758799329400063,0.011044429615139961
data/test\nevus\ISIC_0015566.jpg,0.04965983331203461,5.069658982392866e-06
data/test\nevus\ISIC_0015568.jpg,0.03315746411681175,0.010869752615690231
data/test\nevus\ISIC_0015582.jpg,0.010266394354403019,6.260148802539334e-05
data/test\nevus\ISIC_0015593.jpg,0.014303725212812424,0.000141095370054245
data/test\nevus\ISIC_0015603.jpg,0.00434421980753541,0.002348667709156871
data/test\nevus\ISIC_0015607.jpg,0.47438570857048035,0.13630825281143188
data/test\nevus\ISIC_0015614.jpg,0.07562844455242157,0.0005505035514943302
data/test\nevus\ISIC_0015617.jpg,0.10137645155191422,0.020889990031719208
data/test\nevus\ISIC_0015625.jpg,0.09476388245820999,1.3945803402748425e-05
data/test\nevus\ISIC_0015631.jpg,0.0664757564663887,0.00018136788276024163
data/test\nevus\ISIC_0015636.jpg,0.2857498824596405,0.12206874787807465
data/test\nevus\ISIC_0015638.jpg,0.01503208838403225,4.81241695524659e-05
data/test\nevus\ISIC_0015641.jpg,0.09506472945213318,0.012958916835486889
data/test\nevus\ISIC_0015645.jpg,0.016607046127319336,0.000707950268406421
data/test\nevus\ISIC_0015936.jpg,0.00020450979354791343,0.00014130710042081773
data/test\nevus\ISIC_0015937.jpg,0.0007527439738623798,0.001076123327948153
data/test\nevus\ISIC_0015938.jpg,0.013844044879078865,0.0011472143232822418
data/test\nevus\ISIC_0015939.jpg,0.2142290323972702,0.010557329282164574
data/test\nevus\ISIC_0015940.jpg,0.0028492999263107777,0.0028018848970532417
data/test\nevus\ISIC_0015941.jpg,0.32483187317848206,0.11633136868476868
data/test\nevus\ISIC_0015942.jpg,0.0035190731287002563,0.017641471698880196
data/test\nevus\ISIC_0015943.jpg,0.047052398324012756,0.042072080075740814
data/test\nevus\ISIC_0015944.jpg,0.12082867324352264,0.333173543214798
data/test\nevus\ISIC_0015945.jpg,0.08803515136241913,0.037415761500597
data/test\nevus\ISIC_0015946.jpg,0.025319073349237442,0.03998031094670296
data/test\nevus\ISIC_0015947.jpg,0.017842920497059822,0.004879099782556295
data/test\nevus\ISIC_0015948.jpg,0.030747465789318085,0.00040079274913296103
data/test\nevus\ISIC_0015949.jpg,0.012452502734959126,0.11802026629447937
data/test\nevus\ISIC_0015950.jpg,0.010443344712257385,0.001757195801474154
data/test\nevus\ISIC_0015951.jpg,0.004845082759857178,0.01486036367714405
data/test\nevus\ISIC_0015952.jpg,0.16325697302818298,0.16644613444805145
data/test\nevus\ISIC_0015953.jpg,0.11530084162950516,0.06950683146715164
data/test\nevus\ISIC_0015954.jpg,0.04508998990058899,0.0017497530207037926
data/test\nevus\ISIC_0015955.jpg,0.03675644472241402,0.07309515029191971
data/test\nevus\ISIC_0015956.jpg,0.17011943459510803,9.918762953020632e-05
data/test\nevus\ISIC_0015957.jpg,0.004333138465881348,0.1749085932970047
data/test\nevus\ISIC_0015958.jpg,0.04998966306447983,0.22660335898399353
data/test\nevus\ISIC_0015959.jpg,0.009655206464231014,0.9283019304275513
data/test\nevus\ISIC_0015960.jpg,0.00946691632270813,8.672901458339766e-05
data/test\nevus\ISIC_0015961.jpg,0.02787368930876255,0.00011385823017917573
data/test\nevus\ISIC_0015962.jpg,0.002553557278588414,0.00011456097854534164
data/test\nevus\ISIC_0015963.jpg,0.00510306004434824,0.0024451890494674444
data/test\nevus\ISIC_0015964.jpg,0.001597219379618764,0.0009531995165161788
data/test\nevus\ISIC_0015965.jpg,0.13271206617355347,0.0005535433301702142
data/test\nevus\ISIC_0015966.jpg,0.015187968499958515,0.0009947634534910321
data/test\nevus\ISIC_0015967.jpg,0.11019350588321686,0.16212543845176697
data/test\nevus\ISIC_0015968.jpg,0.36984482407569885,0.23835748434066772
data/test\nevus\ISIC_0015969.jpg,0.4077030420303345,0.02868449129164219
data/test\nevus\ISIC_0015971.jpg,0.0901576355099678,0.0002770856081042439
data/test\nevus\ISIC_0015972.jpg,0.14642080664634705,0.04555429890751839
data/test\nevus\ISIC_0015973.jpg,0.0005448919837363064,0.0004005790688097477
data/test\nevus\ISIC_0015974.jpg,0.001756745739839971,0.0153496153652668
data/test\nevus\ISIC_0015975.jpg,0.031238367781043053,0.0016741203144192696
data/test\nevus\ISIC_0015976.jpg,0.04831787943840027,0.0004270805511623621
data/test\nevus\ISIC_0015978.jpg,0.014774172566831112,0.8205479979515076
data/test\nevus\ISIC_0015979.jpg,0.022750696167349815,0.007768504321575165
data/test\nevus\ISIC_0015980.jpg,0.028401393443346024,0.011546003632247448
data/test\nevus\ISIC_0015981.jpg,0.034653134644031525,0.0071763028390705585
data/test\nevus\ISIC_0015982.jpg,0.0070709181018173695,0.0005179905565455556
data/test\nevus\ISIC_0015983.jpg,7.101663504727185e-05,0.999355137348175
data/test\nevus\ISIC_0015984.jpg,0.0042348019778728485,0.9855726361274719
data/test\nevus\ISIC_0015985.jpg,0.020047778263688087,0.003107458120211959
data/test\nevus\ISIC_0015986.jpg,0.006765550933778286,0.10124289989471436
data/test\nevus\ISIC_0015987.jpg,0.006067072506994009,0.10664065182209015
data/test\nevus\ISIC_0015988.jpg,0.048136740922927856,0.1434791535139084
data/test\nevus\ISIC_0015989.jpg,0.07223241776227951,0.11807039380073547
data/test\nevus\ISIC_0015990.jpg,0.009295345284044743,3.3439377148170024e-05
data/test\nevus\ISIC_0015991.jpg,0.0010142871178686619,0.0019789354410022497
data/test\nevus\ISIC_0015992.jpg,0.01881646364927292,0.002125650178641081
data/test\nevus\ISIC_0015993.jpg,0.1135253831744194,0.002639123937115073
data/test\nevus\ISIC_0015994.jpg,0.04483626410365105,0.004642292391508818
data/test\nevus\ISIC_0015995.jpg,0.47366639971733093,0.0028525511734187603
data/test\nevus\ISIC_0015996.jpg,0.04551908001303673,0.010160555131733418
data/test\nevus\ISIC_0015997.jpg,0.03647838905453682,0.0031947926618158817
data/test\nevus\ISIC_0015998.jpg,0.15804332494735718,0.010973194614052773
data/test\nevus\ISIC_0015999.jpg,0.1723802089691162,0.02273925021290779
data/test\nevus\ISIC_0016000.jpg,0.014752182178199291,0.05947102606296539
data/test\nevus\ISIC_0016001.jpg,0.28083476424217224,0.49394145607948303
data/test\nevus\ISIC_0016002.jpg,0.028887227177619934,0.0029459267389029264
data/test\nevus\ISIC_0016003.jpg,0.003511815331876278,1.9542558220564388e-05
data/test\nevus\ISIC_0016004.jpg,0.24210210144519806,0.000814282801002264
data/test\nevus\ISIC_0016005.jpg,0.002318010898306966,0.001199288060888648
data/test\nevus\ISIC_0016006.jpg,0.06727622449398041,0.0666620284318924
data/test\nevus\ISIC_0016007.jpg,0.05455026403069496,0.04585487022995949
data/test\nevus\ISIC_0016008.jpg,0.748160719871521,0.14703314006328583
data/test\nevus\ISIC_0016009.jpg,0.002293114550411701,0.02090328186750412
data/test\nevus\ISIC_0016011.jpg,0.0018294422188773751,0.19928205013275146
data/test\nevus\ISIC_0016012.jpg,0.0004427449021022767,0.00010045307863038033
data/test\nevus\ISIC_0016013.jpg,9.606732783140615e-05,0.0008548778714612126
data/test\nevus\ISIC_0016014.jpg,0.005679015535861254,0.015007371082901955
data/test\nevus\ISIC_0016015.jpg,0.0006877489504404366,0.001428383868187666
data/test\nevus\ISIC_0016016.jpg,0.6943895816802979,0.03601207211613655
data/test\nevus\ISIC_0016017.jpg,0.0010334779508411884,0.0009110536193475127
data/test\nevus\ISIC_0016018.jpg,8.43449161038734e-05,0.000167283316841349
data/test\nevus\ISIC_0016019.jpg,0.03320892155170441,0.019577406346797943
data/test\nevus\ISIC_0016022.jpg,0.18179276585578918,0.011870339512825012
data/test\nevus\ISIC_0016023.jpg,0.0058977678418159485,0.15010327100753784
data/test\nevus\ISIC_0016024.jpg,0.38395148515701294,0.020237307995557785
data/test\nevus\ISIC_0016025.jpg,0.31278374791145325,0.003870446467772126
data/test\nevus\ISIC_0016026.jpg,0.09056701511144638,0.06371468305587769
data/test\nevus\ISIC_0016027.jpg,0.0016368954675272107,0.04925386235117912
data/test\nevus\ISIC_0016028.jpg,0.007267653942108154,0.031800467520952225
data/test\nevus\ISIC_0016029.jpg,0.05592554807662964,0.02614397183060646
data/test\nevus\ISIC_0016030.jpg,0.1294356733560562,0.026660708710551262
data/test\nevus\ISIC_0016031.jpg,0.10516510903835297,0.003895076224580407
data/test\nevus\ISIC_0016033.jpg,0.08403604477643967,0.011346262879669666
data/test\nevus\ISIC_0016034.jpg,0.2640063762664795,0.01212026085704565
data/test\nevus\ISIC_0016035.jpg,0.08161771297454834,0.7364800572395325
data/test\nevus\ISIC_0016036.jpg,0.6761634349822998,0.14225561916828156
data/test\nevus\ISIC_0016037.jpg,0.3523314595222473,0.005896244663745165
data/test\nevus\ISIC_0016038.jpg,0.01710897497832775,0.07635340839624405
data/test\nevus\ISIC_0016040.jpg,0.003615038236603141,0.008927343413233757
data/test\nevus\ISIC_0016041.jpg,0.004888556897640228,0.3084918260574341
data/test\nevus\ISIC_0016042.jpg,0.1487089842557907,0.010231947526335716
data/test\nevus\ISIC_0016043.jpg,0.00754040339961648,0.0023342245258390903
data/test\nevus\ISIC_0016044.jpg,0.00011890923633472994,0.0002840778324753046
data/test\nevus\ISIC_0016045.jpg,0.004524509888142347,0.0016866468358784914
data/test\nevus\ISIC_0016046.jpg,0.10976484417915344,0.002876857528463006
data/test\nevus\ISIC_0016048.jpg,0.0032499791122972965,0.005403921008110046
data/test\nevus\ISIC_0016049.jpg,0.3218592405319214,0.002414350863546133
data/test\nevus\ISIC_0016050.jpg,0.3112961947917938,0.01010822132229805
data/test\nevus\ISIC_0016051.jpg,0.0011580412974581122,0.00793165247887373
data/test\nevus\ISIC_0016052.jpg,0.4980839788913727,0.004905999638140202
data/test\nevus\ISIC_0016053.jpg,0.0016097609186545014,0.0007358083385042846
data/test\nevus\ISIC_0016054.jpg,0.0013887739041820168,0.9863574504852295
data/test\nevus\ISIC_0016055.jpg,0.010521287098526955,3.9881128031993285e-05
data/test\nevus\ISIC_0016056.jpg,0.1713658571243286,0.08557852357625961
data/test\nevus\ISIC_0016057.jpg,0.8595777153968811,0.006310667376965284
data/test\nevus\ISIC_0016058.jpg,0.010930986143648624,0.25085705518722534
data/test\nevus\ISIC_0016059.jpg,0.001887044869363308,0.0003382846189197153
data/test\nevus\ISIC_0016060.jpg,0.17072494328022003,0.038822516798973083
data/test\nevus\ISIC_0016061.jpg,0.007722028065472841,0.00037624023389071226
data/test\nevus\ISIC_0016062.jpg,0.017749987542629242,0.00028753068181686103
data/test\nevus\ISIC_0016063.jpg,0.008728774264454842,0.0010699447011575103
data/test\nevus\ISIC_0016064.jpg,0.014230172149837017,0.039533115923404694
data/test\nevus\ISIC_0016065.jpg,0.0037472026888281107,0.02487398311495781
data/test\nevus\ISIC_0016066.jpg,0.9048520922660828,0.007960580289363861
data/test\nevus\ISIC_0016068.jpg,0.9751309752464294,0.0024214060977101326
data/test\nevus\ISIC_0016069.jpg,0.023827675729990005,0.0019194843480363488
data/test\nevus\ISIC_0016070.jpg,0.0007916929898783565,0.0006153668509796262
data/test\nevus\ISIC_0016071.jpg,0.01675506867468357,0.0032264883629977703
data/test\nevus\ISIC_0016072.jpg,0.8485764265060425,0.03174551948904991
data/test\seborrheic_keratosis\ISIC_0012086.jpg,0.03691593185067177,0.8300443291664124
data/test\seborrheic_keratosis\ISIC_0012134.jpg,0.00881617795675993,0.9671022295951843
data/test\seborrheic_keratosis\ISIC_0012136.jpg,0.04568879306316376,0.583648145198822
data/test\seborrheic_keratosis\ISIC_0012178.jpg,0.037246085703372955,0.5351136326789856
data/test\seborrheic_keratosis\ISIC_0012199.jpg,0.8393964767456055,0.04547416791319847
data/test\seborrheic_keratosis\ISIC_0012207.jpg,0.0009506563656032085,0.009206563234329224
data/test\seborrheic_keratosis\ISIC_0012215.jpg,0.029300697147846222,0.9250091314315796
data/test\seborrheic_keratosis\ISIC_0012223.jpg,0.2558286190032959,0.6874842643737793
data/test\seborrheic_keratosis\ISIC_0012240.jpg,0.0763145238161087,0.6059861183166504
data/test\seborrheic_keratosis\ISIC_0012248.jpg,0.11404526978731155,0.8053929209709167
data/test\seborrheic_keratosis\ISIC_0012265.jpg,0.27115270495414734,0.28340643644332886
data/test\seborrheic_keratosis\ISIC_0012266.jpg,0.0513075515627861,0.8276830315589905
data/test\seborrheic_keratosis\ISIC_0012272.jpg,0.00471222260966897,0.6224768757820129
data/test\seborrheic_keratosis\ISIC_0012273.jpg,0.02016688510775566,0.9629102349281311
data/test\seborrheic_keratosis\ISIC_0012314.jpg,0.11472593992948532,0.6785852313041687
data/test\seborrheic_keratosis\ISIC_0012323.jpg,0.062049541622400284,0.7211529016494751
data/test\seborrheic_keratosis\ISIC_0012330.jpg,0.01583182066679001,0.9594915509223938
data/test\seborrheic_keratosis\ISIC_0012358.jpg,0.00033530552173033357,0.9979887008666992
data/test\seborrheic_keratosis\ISIC_0012364.jpg,0.05595149099826813,0.7636428475379944
data/test\seborrheic_keratosis\ISIC_0012372.jpg,2.3219476133817807e-05,0.985693097114563
data/test\seborrheic_keratosis\ISIC_0012375.jpg,0.022913528606295586,0.29718655347824097
data/test\seborrheic_keratosis\ISIC_0012387.jpg,0.013141848146915436,0.9196221828460693
data/test\seborrheic_keratosis\ISIC_0012388.jpg,0.006853489670902491,0.8221161961555481
data/test\seborrheic_keratosis\ISIC_0012414.jpg,0.013524185866117477,0.2747615575790405
data/test\seborrheic_keratosis\ISIC_0012428.jpg,0.07429084181785583,0.8422275185585022
data/test\seborrheic_keratosis\ISIC_0012432.jpg,0.001538076321594417,0.10803044587373734
data/test\seborrheic_keratosis\ISIC_0012447.jpg,0.0013290939386934042,0.985163152217865
data/test\seborrheic_keratosis\ISIC_0012448.jpg,0.005073120351880789,0.8038483262062073
data/test\seborrheic_keratosis\ISIC_0012510.jpg,0.15345169603824615,0.32078608870506287
data/test\seborrheic_keratosis\ISIC_0012522.jpg,0.019736694172024727,0.005334172863513231
data/test\seborrheic_keratosis\ISIC_0012537.jpg,0.08879800140857697,0.022541671991348267
data/test\seborrheic_keratosis\ISIC_0012548.jpg,0.8713476657867432,0.008792090229690075
data/test\seborrheic_keratosis\ISIC_0012705.jpg,0.09064441174268723,0.24577301740646362
data/test\seborrheic_keratosis\ISIC_0012757.jpg,0.007427672389894724,0.13757473230361938
data/test\seborrheic_keratosis\ISIC_0012786.jpg,2.615349330881145e-05,0.9994081258773804
data/test\seborrheic_keratosis\ISIC_0012848.jpg,0.14357492327690125,0.049616359174251556
data/test\seborrheic_keratosis\ISIC_0012852.jpg,0.004858409054577351,0.8030401468276978
data/test\seborrheic_keratosis\ISIC_0012928.jpg,0.00014063528215046972,0.9398612976074219
data/test\seborrheic_keratosis\ISIC_0012955.jpg,0.02021113969385624,0.5083467364311218
data/test\seborrheic_keratosis\ISIC_0012974.jpg,6.235953151190188e-06,0.9999092817306519
data/test\seborrheic_keratosis\ISIC_0013030.jpg,0.020288098603487015,0.7304545044898987
data/test\seborrheic_keratosis\ISIC_0013035.jpg,0.0006359969265758991,0.9945176243782043
data/test\seborrheic_keratosis\ISIC_0013085.jpg,0.0009479924337938428,0.9400819540023804
data/test\seborrheic_keratosis\ISIC_0013169.jpg,0.00042263505747541785,0.9943099021911621
data/test\seborrheic_keratosis\ISIC_0013170.jpg,3.3447657187934965e-05,0.9971467852592468
data/test\seborrheic_keratosis\ISIC_0013203.jpg,0.020104365423321724,0.3890000879764557
data/test\seborrheic_keratosis\ISIC_0013270.jpg,0.44138291478157043,0.07292356342077255
data/test\seborrheic_keratosis\ISIC_0013271.jpg,0.010222019627690315,0.5114142894744873
data/test\seborrheic_keratosis\ISIC_0013281.jpg,0.0001392162957927212,0.9990606904029846
data/test\seborrheic_keratosis\ISIC_0013319.jpg,0.06474731862545013,0.8837212324142456
data/test\seborrheic_keratosis\ISIC_0013393.jpg,0.06520795077085495,0.7313101887702942
data/test\seborrheic_keratosis\ISIC_0013465.jpg,0.002170407446101308,0.2852356731891632
data/test\seborrheic_keratosis\ISIC_0013673.jpg,0.004975147545337677,0.857848048210144
data/test\seborrheic_keratosis\ISIC_0013708.jpg,2.357982339162845e-05,0.9999463558197021
data/test\seborrheic_keratosis\ISIC_0013764.jpg,0.5624529123306274,0.37541407346725464
data/test\seborrheic_keratosis\ISIC_0013977.jpg,0.0032822606153786182,0.4537137448787689
data/test\seborrheic_keratosis\ISIC_0014006.jpg,0.0027744441758841276,0.14314082264900208
data/test\seborrheic_keratosis\ISIC_0014177.jpg,0.15244463086128235,0.27106359601020813
data/test\seborrheic_keratosis\ISIC_0014251.jpg,0.017428899183869362,0.9752644896507263
data/test\seborrheic_keratosis\ISIC_0014278.jpg,0.0034030587412416935,0.02223869413137436
data/test\seborrheic_keratosis\ISIC_0014386.jpg,0.013808774761855602,0.7522199749946594
data/test\seborrheic_keratosis\ISIC_0014392.jpg,0.0010820572497323155,0.9963735938072205
data/test\seborrheic_keratosis\ISIC_0014409.jpg,0.016574282199144363,0.007119663525372744
data/test\seborrheic_keratosis\ISIC_0014419.jpg,0.022427141666412354,0.9256800413131714
data/test\seborrheic_keratosis\ISIC_0014457.jpg,0.07846134901046753,0.05713854357600212
data/test\seborrheic_keratosis\ISIC_0014474.jpg,4.4733373215422034e-05,0.9997013211250305
data/test\seborrheic_keratosis\ISIC_0014500.jpg,0.32660531997680664,0.5345205068588257
data/test\seborrheic_keratosis\ISIC_0014503.jpg,0.0029035985935479403,0.7912191152572632
data/test\seborrheic_keratosis\ISIC_0014567.jpg,0.00033575770794413984,0.9986466765403748
data/test\seborrheic_keratosis\ISIC_0014574.jpg,0.0014876869972795248,0.97867351770401
data/test\seborrheic_keratosis\ISIC_0014575.jpg,0.0006716150091961026,0.9889889359474182
data/test\seborrheic_keratosis\ISIC_0014586.jpg,0.8513405323028564,0.018632564693689346
data/test\seborrheic_keratosis\ISIC_0014587.jpg,0.0001797800068743527,0.9985950589179993
data/test\seborrheic_keratosis\ISIC_0014588.jpg,0.001940250862389803,0.9259968996047974
data/test\seborrheic_keratosis\ISIC_0014590.jpg,0.0013097244082018733,0.9929666519165039
data/test\seborrheic_keratosis\ISIC_0014600.jpg,0.015800345689058304,0.9731016159057617
data/test\seborrheic_keratosis\ISIC_0014619.jpg,0.011927438899874687,0.9796695709228516
data/test\seborrheic_keratosis\ISIC_0014626.jpg,0.0005908877938054502,0.99741530418396
data/test\seborrheic_keratosis\ISIC_0014627.jpg,0.0002504511794541031,0.9977788329124451
data/test\seborrheic_keratosis\ISIC_0014629.jpg,0.0007609455497004092,0.9672142863273621
data/test\seborrheic_keratosis\ISIC_0014631.jpg,0.0009725073468871415,0.9854937791824341
data/test\seborrheic_keratosis\ISIC_0014634.jpg,0.0004133821639697999,0.9976658821105957
data/test\seborrheic_keratosis\ISIC_0014643.jpg,0.002412311965599656,0.993020236492157
data/test\seborrheic_keratosis\ISIC_0014644.jpg,0.00038666604086756706,0.9981801509857178
data/test\seborrheic_keratosis\ISIC_0014645.jpg,0.0012076303828507662,0.9975388050079346
data/test\seborrheic_keratosis\ISIC_0014647.jpg,0.0021390640176832676,0.9252358078956604
data/test\seborrheic_keratosis\ISIC_0014648.jpg,1.6324516764143482e-05,0.9998425245285034
data/test\seborrheic_keratosis\ISIC_0014649.jpg,8.668494410812855e-05,0.9989355206489563
data/test\seborrheic_keratosis\ISIC_0014652.jpg,0.0001784541818778962,0.9994910955429077
data/test\seborrheic_keratosis\ISIC_0014653.jpg,6.306533032329753e-05,0.999477207660675
